NL,819381548B01
NL,111111111B01
NL,111111111B01
NL,111111111B01
NL,111111111B01
NL,111111111B01
NL,111111111B01
NL,111111111B01
NL,111111111B01
NL,819381548B01
NL,111111111B01
NL,111111111B01
NL,819381548B01
NL,111111111B01
NL,111111111B01
NL,819381548B01
NL,819381548B01
NL,111111111B01
NL,111111111B01
NL,111111111B01
NL,111111111B01
NL,111111111B01
NL,111111111B01
NL,111111111B01
NL,111111111B01
NL,819381548B01
NL,111111111B01
NL,111111111B01
NL,819381548B01
NL,111111111B01
NL,111111111B01
NL,819381548B01




